billing_id,matter_id,substantiating_entry_id_1,substantiating_entry_id_2,substantiating_entry_id_3,substantiating_entry_id_4,substantiating_entry_id_5,billing_category,billing_start,billing_stop,billing_hours,billing_description,billing_substantiation,last_modified,activity_confidence,timing_confidence,confidence_rationale,
621,1,621,,,,,Email,3/29/2024 14:48,3/29/2024 14:48,0,Old case/New case,Attorney Szostkiewicz updates on pending motion for GAL appointment and mentions potential new case referral,,,,,
620,1,620,,,,,Email,3/29/2024 17:29,3/29/2024 17:29,0,RE: Old case/New case,Response confirming willingness to take on new case referral,,,,,
619,1,619,,,,,Email,4/2/2024 12:27,4/2/2024 12:27,0,Bullying case,Attorney Szostkiewicz informs of denied GAL motion and proposes alternative consultant appointment,,,,,
618,1,618,,,,,Email,4/2/2024 13:28,4/2/2024 13:28,0,Re: Bullying case,Discussion of appointment denial and request for student records,,,,,
617,1,617,,,,,Email,4/4/2024 14:03,4/4/2024 14:03,0,H Sampson,Initial outreach to school detailing bullying concerns and requesting meeting and records,,,,,
616,1,616,,,,,Email,4/6/2024 21:54,4/6/2024 21:54,0,Re: H Sampson,Offer to assist pro bono if second motion denied,,,,,
615,1,615,,,,,Email,4/7/2024 16:39,4/7/2024 16:39,0,"Re: H Sampson / bullying, special ed referral, Sec. 504 preplacement meeting",Comprehensive email making formal special education referral and requesting immediate safety interventions,,,,,
614,1,614,,,,,Email,4/8/2024 9:07,4/8/2024 9:07,0,"Re: H Sampson / bullying, special ed referral, Sec. 504 preplacement meeting",Confirmation of school CRA filing and praise for advocacy email,,,,,
613,1,613,,,,,Email,4/8/2024 13:58,4/8/2024 13:58,0,"RE: H Sampson / bullying, special ed referral, Sec. 504 preplacement meeting",Initial response from school requesting release form,,,,,
612,1,612,,,,,Email,4/8/2024 14:01,4/8/2024 14:01,0,RE: H Sampson,Principal's acknowledgment of prior counselor contact and request for release,,,,,
611,1,611,,,,,Email,4/9/2024 11:47,4/9/2024 11:47,0,Sampson CRA,Attorney forwards CRA documentation and confirms release form completion,,,,,
610,1,610,,,,,Email,4/9/2024 12:43,4/9/2024 12:43,0,"RE: H Sampson / bullying, special ed referral, Sec. 504 preplacement meeting",Detailed response from principal addressing multiple concerns and scheduling 504 meeting,,,,,
609,1,609,,,,,Email,4/9/2024 12:45,4/9/2024 12:45,0,"RE: H Sampson / bullying, special ed referral, Sec. 504 preplacement meeting",Brief acknowledgment of release requirement,,,,,
608,1,608,,,,,Email,4/9/2024 12:54,4/9/2024 12:54,0,Re: Sampson CRA,"Updates on home situation, attendance history, and meeting scheduling",,,,,
607,1,607,,,,,Email,4/9/2024 20:58,4/9/2024 20:58,0,Re: Sampson CRA,Brief response to previous communication,,,,,
606,1,606,,,,,Email,4/10/2024 15:53,4/10/2024 15:53,0,Approved Motion,Notice of motion approval and scheduling discussion,,,,,
605,1,605,,,,,Email,4/10/2024 16:53,4/10/2024 16:53,0,RE: Approved Motion,Response regarding motion approval and personal discussion of eclipse viewing,,,,,
604,1,604,,,,,Email,4/11/2024 13:23,4/11/2024 13:23,0,124246 H.S. - Consent for Initial Evaluation,ETL provided initial special education evaluation paperwork,,,,,
603,1,603,,,,,Email,4/11/2024 13:52,4/11/2024 13:52,0,Heaven Sampson,Brief acknowledgment of consent forms,,,,,
602,1,602,,,,,Email,4/18/2024 3:30,4/18/2024 3:30,0,"RE: H Sampson / bullying, special ed referral, Sec. 504 preplacement meeting","Follow-up on release receipt, bullying investigation, and records request",,,,,
601,1,601,,,,,Email,4/21/2024 15:28,4/21/2024 15:28,0,"RE: H Sampson / bullying, special ed referral, Sec. 504 preplacement meeting","Update on release receipt, investigation status, and records request",,,,,
600,1,600,,,,,Note,4/25/2024 0:00,4/25/2024 0:00,0,Initial Safety Plan Meeting,Documented initial accommodations meeting,,,,,
599,1,599,,,,,Email,4/25/2024 13:27,4/25/2024 13:27,0,Re: 124246 - Heaven Sampson - Initial Eligibility Determination Meeting via Zoom,Discussion of potential tutoring support,,,,,
598,1,598,,,,,Email,4/25/2024 14:04,4/25/2024 14:04,0,Re,Parent's response regarding tutoring possibility,,,,,
597,1,597,,,,,Email,4/26/2024 23:42,4/26/2024 23:42,0,Re: H. Sampson Follow Up,Brief acknowledgment of principal's follow-up,,,,,
596,1,596,,,,,Email,4/28/2024 19:12,4/28/2024 19:12,0,Re: FW: H. Sampson Follow Up,Request for attorney's input on principal's response,,,,,
595,1,595,,,,,Email,4/30/2024 15:13,4/30/2024 15:13,0,Re: FW: H. Sampson Follow Up,Acknowledgment of consultation request,,,,,
594,1,594,,,,,Email,5/13/2024 14:12,5/13/2024 14:12,0,[School Meeting Notice],Parent notification of scheduled 504 meeting,,,,,
593,1,593,,,,,Email,5/14/2024 2:11,5/14/2024 2:11,0,Re: Heaven Sampson 504 meeting,Attorney confirmed attendance and requested status update,,,,,
592,1,592,,,,,Email,5/14/2024 13:35,5/14/2024 13:35,0,Re: Heaven Sampson 504 meeting,Attorney unable to attend scheduled meeting,,,,,
591,1,591,,,,,Email,5/14/2024 13:53,5/14/2024 13:53,0,Re: Heaven Sampson 504 meeting,Inquiry about rescheduling possibility,,,,,
590,1,590,,,,,Note,5/14/2024 14:11,5/14/2024 14:11,0,Parent Communication Notes,Attorney documented detailed follow-up questions for parent,,,,,
589,1,589,,,,,Email,5/14/2024 14:21,5/14/2024 14:21,0,Re: Heaven Sampson 504 meeting,Attorney expresses confidence in representation and discusses potential future collaborations,,,,,
588,1,588,,,,,Email,5/16/2024 8:02,5/16/2024 8:02,0,Re: Heaven Sampson 504 meeting,Response regarding meeting attendance and discussion of future collaboration,,,,,
587,1,587,,,,,Email,5/23/2024 1:29,5/23/2024 1:29,0,RE: Heaven Sampson 504 meeting,Attorney requested remote attendance and pre-meeting call with parent,,,,,
586,1,586,,,,,Email,5/23/2024 13:10,5/23/2024 13:10,0,Fw: 504 Eligibility Meeting Invite - HS,Co-counsel forwarded 504 meeting information,,,,,
585,1,585,,,,,Email,5/23/2024 13:19,5/23/2024 13:19,0,Fw: 504 Eligibility Meeting Invite - HS,School counselor forwarded meeting details,,,,,
584,1,584,,,,,Email,5/23/2024 13:50,5/23/2024 13:50,0,join here,School counselor provided virtual meeting access,,,,,
622,1,622,,,,,Psycho-Educational Assessment,5/24/2024 0:00,5/24/2024 0:00,0,Springfield Public Schools Psycho-Educational Evaluation,,,,,,
583,1,583,,,,,Email,5/28/2024 11:55,5/28/2024 11:55,0,RE: 24CP0060SP,Court clerk confirmed filing procedures,,,,,
623,1,623,,,,,Woodcock-Johnson Achievement Test,5/29/2024 0:00,5/29/2024 0:00,0,Woodcock-Johnson IV Tests of Achievement,,,,,,
624,1,624,,,,,Functional Behavior Assessment,5/31/2024 0:00,5/31/2024 0:00,0,Springfield Public School Functional Behavior Assessment Summary,,,,,,
582,1,582,,,,,Email,6/2/2024 11:06,6/2/2024 11:06,0,Re: Heaven v. SPS,BSEA hearing officer schedules conference call,,,,,
581,1,581,,,,,Note,6/9/2024 0:00,6/9/2024 0:00,0,[Strategy Note],Documentation of legal strategy and research findings,,,,,
580,1,580,,,,,Email,6/9/2024 6:12,6/9/2024 6:12,0,RE: BSEA # 2414829 / Motion for Partial Summary Decision,Attorney files dispositive motion on eligibility issue,,,,,
578,1,578,,,,,Email,6/12/2024 10:18,6/12/2024 10:18,0,124246 H.S. - Consent for Initial Evaluation,ETL sent evaluation reports for eligibility meeting,,,,,
577,1,577,,,,,Email,6/12/2024 10:49,6/12/2024 10:49,0,Re: 124246 H.S. - Consent for Initial Evaluation,School psychologist provided staff contact information,,,,,
4,1,268,,,,,Conference With Attorney,6/12/2024 13:00,6/12/2024 14:00,1,Attend meeting to discuss independent evaluators,Documentation of meeting where independent evaluators were discussed,5/1/2025 19:41,conclusive,conclusive,,
576,1,576,,,,,Email,6/12/2024 14:35,6/12/2024 14:35,0,FW: 124246 H.S. - Consent for Initial Evaluation,Attorney forwarded evaluation documents to co-counsel,,,,,
575,1,575,,,,,Doc,6/13/2024 0:00,6/13/2024 0:00,0,[N2 Form - Finding of No Eligibility],District's formal determination of ineligibility despite finding qualifying disability,,,,,
574,1,574,,,,,Note,6/13/2024 10:00,6/13/2024 10:00,0,Team Meeting Notes,Documentation of key eligibility meeting and legal strategy,,,,,
573,1,573,,,,,Email,6/13/2024 14:53,6/13/2024 14:53,0,Re: IEP eligibility meeting - summary,Co-counsel acknowledged receipt of meeting summary and school communication,,,,,
572,1,572,,,,,Note,6/13/2024 15:57,6/13/2024 15:57,0,[Note to file re: COVID impact],Attorney documented COVID impact on hearing attendance,,,,,
571,1,571,,,,,Email,6/13/2024 16:08,6/13/2024 16:08,0,RE: Urgent - IEP Eligibility Determination Error for Heaven Sampson,District proposed August reconvene with supervisor present,,,,,
570,1,570,,,,,Email,6/13/2024 20:08,6/13/2024 20:08,0,Re: Urgent - IEP Eligibility Determination for Heaven S / BSEA Hearing Request,"Attorney responded to District's proposal to reconvene, detailing legal basis for immediate eligibility and warning of impending BSEA appeal",,,,,
569,1,569,,,,,Doc,6/15/2024 0:00,6/15/2024 0:00,0,Hearing Request (1st),Draft detailed BSEA Hearing Request challenging refusal to qualify Heaven for special education,,,,,
568,1,568,,,,,Email,6/15/2024 19:04,6/15/2024 19:04,0,Hearing Request - Heaven S. and Springfield Public Schools,Attorney filed BSEA hearing request,,,,,
567,1,567,,,,,Email,6/15/2024 19:08,6/15/2024 19:08,0,BSEA Hearing Request - In re: Heaven S.,Attorney served BSEA hearing request on District,,,,,
566,1,566,,,,,Note,6/16/2024 19:00,6/16/2024 19:00,0,Team Meeting Summary and Analysis,Attorney documented key findings and legal analysis from eligibility meeting,,,,,
565,1,565,,,,,Email,6/17/2024 9:54,6/17/2024 9:54,0,124246 H.S. - N2 Finding of No Eligibility,District sent formal Finding of No Eligibility and proposed August reconvene,,,,,
564,1,564,,,,,Email,6/17/2024 11:29,6/17/2024 11:29,0,Urgent - Data Preservation Notice,Attorney sent formal notice to preserve educational records,,,,,
563,1,563,,,,,Email,6/17/2024 12:18,6/17/2024 12:18,0,FW: 124246 H.S. - N2 Finding of No Eligibility,Attorney instructing parent not to sign District's Finding of No Eligibility,,,,,
562,1,562,,,,,Email,6/17/2024 12:22,6/17/2024 12:22,0,Re: 124246 H.S. - N2 Finding of No Eligibility,Attorney established communication protocol with parent,,,,,
561,1,561,,,,,Email,6/17/2024 13:13,6/17/2024 13:13,0,Re: BSEA Hearing Request - In re: Heaven S.,District acknowledged hearing request and offered to approve IEEs,,,,,
560,1,560,,,,,Email,6/17/2024 15:07,6/17/2024 15:07,0,Re: BSEA Hearing Request - In re: Heaven S.,"Attorney responded to District email, asserting legal basis for eligibility and requesting IEEs",,,,,
559,1,559,,,,,Email,6/17/2024 15:18,6/17/2024 15:18,0,Re: BSEA Hearing Request - In re: Heaven S.,Attorney demands immediate action on IEE and IEP development,,,,,
558,1,558,,,,,Email,6/20/2024 11:23,6/20/2024 11:23,0,124246 H.S. - Independent Education Evaluation (IEE) N1 and Evaluator List,District provided IEE paperwork following Finding of No Eligibility,,,,,
557,1,557,,,,,Email,6/20/2024 14:41,6/20/2024 14:41,0,Re: BSEA Hearing Request - In re Heaven S.,"District responded to BSEA appeal, proposing August reconvene and requesting clarification on psychiatric evaluation request",,,,,
556,1,556,,,,,Email,6/20/2024 14:42,6/20/2024 14:42,0,Re: BSEA Hearing Request - In re: Heaven S.,District response regarding eligibility determination and evaluation requests,,,,,
555,1,555,,,,,Email,6/21/2024 12:22,6/21/2024 12:22,0,Heaven Sampson v. Springfield Public Schools BSEA No. 2414829,District requested postponement of hearing and extension of response deadline,,,,,
554,1,554,,,,,Email,6/21/2024 14:33,6/21/2024 14:33,0,Re: Heaven Sampson v. Springfield Public Schools BSEA No. 2414829,"Attorney assented to District's request to postpone hearing and extend response deadline, with conditions",,,,,
553,1,553,,,,,Email,6/24/2024 5:41,6/24/2024 5:41,0,RE: BSEA Hearing Request - In re: Heaven S.,Comprehensive explanation of evaluation requests and legal requirements for immediate service implementation,,,,,
552,1,552,,,,,Doc,7/1/2024 0:00,7/1/2024 0:00,0,Hearing Request  (1st amended),"Hearing Request, Amended,  Adding a request for an extended evaluation to the proposed resolution; Modifying the issues presented to focus on the District's policy or standard operating procedure regarding eligibility determinations, rather than on a confirmed District policy;",,,,,
551,1,551,,,,,Note,7/1/2024 14:00,7/1/2024 14:00,0,Amended Hearing Request Development,"Legal research, consultation, and drafting of amended hearing request",,,,,
550,1,550,,,,,Email,7/3/2024 12:09,7/3/2024 12:09,0,In re: Heaven S.- SPS-parent communication failures,Attorney relays parent concerns about service coordination failures,,,,,
549,1,549,,,,,Email,7/3/2024 16:46,7/3/2024 16:46,0,Re: 4:00 Call,St. Florian confirms need to reschedule due to pet emergency,,,,,
548,1,548,,,,,Email,7/5/2024 10:03,7/5/2024 10:03,0,Re: Heaven v. SPS,Kantor Nir apologizes for missing call and requests rescheduling,,,,,
547,1,547,,,,,Email,7/5/2024 10:13,7/5/2024 10:13,0,Re: Heaven v. SPS,St. Florian explains missed call due to pet emergency and suggests rescheduling after Monday 1pm call,,,,,
546,1,546,,,,,Email,7/5/2024 16:31,7/5/2024 16:31,0,Re: In re: Heaven S.- SPS-parent communication failures,Status update on transportation and pending services implementation,,,,,
545,1,545,,,,,Email,7/8/2024 13:48,7/8/2024 13:48,0,Heaven S v SPS / statutory reference to eval by a psychiatrist,Attorney provides statutory basis for psychiatric evaluation request,,,,,
544,1,544,,,,,Email,7/8/2024 18:43,7/8/2024 18:43,0,FW: Heaven S. v SPS / exchange of records by agreement,Attorney forwards comprehensive records request to client team,,,,,
627,1,627,,,,,Motion for Partial Summary Decision,7/9/2024 0:00,7/9/2024 0:00,0,Student's Motion for Partial Summary Decision,,,,,,
543,1,543,,,,,Email,7/9/2024 12:58,7/9/2024 12:58,0,Heaven Sampson v. Springfield Public Schools BSEA No. 2414829,District counsel files correspondence with BSEA,,,,,
542,1,542,,,,,Email,7/16/2024 9:00,7/16/2024 9:00,0,RE: Student's Reply to District's Memorandum of Law in Support of its Opposition,Correction email submitting missing pleading attachment,,,,,
541,1,541,,,,,Email,7/26/2024 14:07,7/26/2024 14:07,0,Re: Historical CMR and statute research,Confirmation of receipt of legal research materials,,,,,
540,1,540,,,,,Email,7/29/2024 19:24,7/29/2024 19:24,0,RE: [MASERS] Repudiation of Mass's expansion of eligibility to include related s,Follow-up after discussion about eligibility standards,,,,,
539,1,539,,,,,Email,7/29/2024 21:13,7/29/2024 21:13,0,RE: Independent Evaluator,Attorney coordinates with potential IEE evaluator regarding multiple cases,,,,,
538,1,538,,,,,Email,7/31/2024 19:15,7/31/2024 19:15,0,Re: [MASERS] Repudiation of Mass's expansion of eligibility to include related s,Follow-up regarding special education eligibility standards discussion,,,,,
537,1,537,,,,,Email,8/1/2024 16:18,8/1/2024 16:18,0,Re: following up,EdLaw Project counsel provides update on mentoring program status,,,,,
536,1,536,,,,,Email,8/2/2024 13:42,8/2/2024 13:42,0,RE: Independent Evaluator,Attorney provides comprehensive case overview to potential IEE evaluator,,,,,
535,1,535,,,,,Email,8/5/2024 13:36,8/5/2024 13:36,0,Re: Independent Evaluator,IEE evaluator acknowledges receipt of case overview and provides contact details for further discussion,,,,,
534,1,534,,,,,Email,8/5/2024 14:32,8/5/2024 14:32,0,Re: Independent Evaluator,IEE evaluator provides contact information,,,,,
533,1,533,,,,,Email,8/5/2024 15:44,8/5/2024 15:44,0,Re: PHC 8/6 (10AM) Heaven Sampson v. Springfield Public Schools BSEA No. 2414829,District counsel confirms availability for rescheduled PHC time,,,,,
532,1,532,,,,,Email,8/5/2024 17:06,8/5/2024 17:06,0,RE: PHC 8/6 (10AM) Heaven Sampson v. Springfield Public Schools BSEA No. 2414829,Confirmation of PHC time change and personal discussion about homesickness,,,,,
531,1,531,,,,,Email,8/6/2024 2:24,8/6/2024 2:24,0,FW: 124246 H.S. - Independent Education Evaluation (IEE) N1 and Evaluator List,Attorney provides comprehensive IEE requirements and evaluation scope,,,,,
530,1,530,,,,,Email,8/6/2024 7:30,8/6/2024 7:30,0,FW: 124246 H.S. - Independent Education Evaluation (IEE) N1 and Evaluator List,"Attorney outlines detailed evaluation requests for IEE to be conducted by Dr. Fogel, including comprehensive assessment areas and specific recommendations needed",,,,,
529,1,529,,,,,Email,8/9/2024 8:15,8/9/2024 8:15,0,Settlement Agreement.DOCX,District counsel sends settlement agreement following PHC discussion,,,,,
528,1,528,,,,,Note,8/9/2024 14:00,8/9/2024 14:00,0,Consultation Note re: Settlement Strategy,Legal research and consultation re: settlement strategy,,,,,
527,1,527,,,,,Email,8/11/2024 12:06,8/11/2024 12:06,0,Re: HS Initial Eligibility docs,Attorney clarifies meeting subject and attendance expectations,,,,,
526,1,526,,,,,Email,8/12/2024 14:19,8/12/2024 14:19,0,Re: 124246 H.S. - Independent Education Evaluation (IEE) N1 and Evaluator List,Follow up on IEE request,,,,,
525,1,525,,,,,Email,8/23/2024 20:08,8/23/2024 20:08,0,RE: Independent Evaluator,Analysis of evaluation needs; correspondence with evaluator,,,,,
524,1,524,,,,,Email,8/24/2024 16:03,8/24/2024 16:03,0,RE: Independent Education Evaluations for Heaven S.,Draft and serve discovery; explain evaluation needs,,,,,
523,1,523,,,,,Email,8/26/2024 8:35,8/26/2024 8:35,0,RE: Independent Education Evaluations for Heaven S.,District counsel seeks clarification on IEE requests,,,,,
522,1,522,,,,,Email,8/30/2024 14:08,8/30/2024 14:08,0,Re: Draft settlement proposal [rev 2.],Draft revised settlement proposal with comprehensive analysis,,,,,
521,1,521,,,,,Email,8/30/2024 14:48,8/30/2024 14:48,0,Re: Draft settlement proposal,Review parent response re: settlement strategy,,,,,
520,1,520,,,,,Email,9/3/2024 17:05,9/3/2024 17:05,0,STUDENT'S FIRST REQUEST FOR PRODUCTION OF DOCUMENTS.PDF; STUDENT'S FIRST SET OF,Opposing counsel sends discovery documents to hearing officer,,,,,
519,1,519,,,,,Email,9/4/2024 9:01,9/4/2024 9:01,0,RE: Heaven Sampson v. Springfield Public Schools - BSEA No. 2414829,Opposing counsel confirms removal of hearing dates from schedule,,,,,
518,1,518,,,,,Email,9/4/2024 10:49,9/4/2024 10:49,0,Heaven & SPS,Request to discuss potential resolution requiring minimal district resources,,,,,
517,1,517,,,,,Email,9/4/2024 11:11,9/4/2024 11:11,0,RE: Heaven & SPS,Response regarding availability for settlement discussion,,,,,
516,1,516,,,,,Email,9/4/2024 11:15,9/4/2024 11:15,0,RE: Heaven & SPS,Discussion of student's PTSD symptoms and impact of school environment,,,,,
515,1,515,,,,,Email,9/4/2024 11:16,9/4/2024 11:16,0,RE: Heaven & SPS,Brief email noting technical issue with previous message,,,,,
514,1,514,,,,,Email,9/4/2024 12:35,9/4/2024 12:35,0,RE: Heaven & SPS - Settlement proposal outline,"Attorney presents detailed case for changing student's placement to Renaissance or STEM, citing mental health provider recommendations, transportation logistics, and regulatory interpretation",,,,,
513,1,513,,,,,Email,9/4/2024 14:31,9/4/2024 14:31,0,Re: Heaven & SPS - Settlement proposal outline,District counsel acknowledges receipt and will consult with client,,,,,
512,1,512,,,,,Email,9/5/2024 14:34,9/5/2024 14:34,0,Re: Heaven & SPS - Settlement proposal outline,"Attorney sends counter-proposal rejecting Forest Park placement, proposing STEM or Renaissance placement instead, and offering general release including child find claims",,,,,
511,1,511,,,,,Note,9/5/2024 21:23,9/5/2024 21:23,0,Strategy Note re: Settlement Dynamics,Attorney reflects on negotiation dynamics and potential strategy,,,,,
510,1,510,,,,,Email,9/6/2024 23:13,9/6/2024 23:13,0,RE: Heaven Sampson,Attorney follows up with detailed questions seeking specifics about reported incidents,,,,,
509,1,509,,,,,Email,9/7/2024 18:48,9/7/2024 18:48,0,Fwd: Heaven Sampson,"Parent provides detailed update about recent incidents at school, difficulties accessing counselor, and student's deteriorating mental health",,,,,
508,1,508,,,,,Email,9/9/2024 12:08,9/9/2024 12:08,0,Re: FW: Heaven & SPS - Settlement proposal outline,Matthew Engel responds briefly about not wanting additional business with Alisia,,,,,
507,1,507,,,,,Email,9/9/2024 12:12,9/9/2024 12:12,0,Heaven & SPS (corrected),Forward of settlement discussion regarding school placement options,,,,,
506,1,506,,,,,Email,9/9/2024 12:28,9/9/2024 12:28,0,Re: Heaven Sampson,Detailed update from parent about ongoing school issues and communication challenges,,,,,
505,1,505,,,,,Email,9/10/2024 11:53,9/10/2024 11:53,0,Re: Heaven Sampson,Acknowledgment of parent's updates,,,,,
504,1,504,,,,,Email,9/10/2024 12:59,9/10/2024 12:59,0,Re: Heaven Sampson,Detailed explanation to parent about preliminary injunction process and need for affidavits,,,,,
503,1,503,,,,,Note,9/10/2024 14:30,9/10/2024 14:30,0,Parent Conference Notes,Parent consultation and strategy development,,,,,
502,1,502,,,,,Note,9/10/2024 15:48,9/10/2024 15:48,0,Draft Statement for CHD,Preparation of draft affidavit for clinician review,,,,,
501,1,501,,,,,Email,9/10/2024 18:37,9/10/2024 18:37,0,Heaven Sampson v. Springfield Public Schools BSEA No. 2414829 Agreed-upon Motion,Filing of joint motion to postpone hearing,,,,,
500,1,500,,,,,Email,9/11/2024 10:15,9/11/2024 10:15,0,School visit scheduling,Request to schedule school observation,,,,,
499,1,499,,,,,Note,9/11/2024 16:43,9/11/2024 16:43,0,Affidavit for Heaven to Review and Sign,Transmission of revised draft affidavit for student review,,,,,
498,1,498,,,,,Note,9/11/2024 17:08,9/11/2024 17:08,0,RE: Affidavit for You (Samantha) to Review and Sign,Transmission of draft affidavit to parent for review,,,,,
497,1,497,,,,,Note,9/12/2024 15:00,9/12/2024 15:00,0,Student Observation & Assessment,Direct observation of student's school experience and access barriers,,,,,
625,1,625,,,,,Motion for Preliminary Injunction,9/13/2024 0:00,9/13/2024 0:00,0,BSEA Motion for Preliminary Injunction - Heaven Sampson v. Springfield Public Schools,,,,,,
496,1,496,,,,,Email,9/13/2024 9:52,9/13/2024 9:52,0,"Motion to Amend Hearing Request, Motion for Preliminary Injunction",Filing of motions with BSEA,,,,,
495,1,495,,,,,Email,9/13/2024 14:42,9/13/2024 14:42,0,Principal voicemail from Tue sep 10,Parent forwards transcript of principal's voicemail regarding accommodations and incidents,,,,,
494,1,494,,,,,Email,9/13/2024 14:47,9/13/2024 14:47,0,H.S. Proposed 2024-2025 IEP,District provides proposed IEP package,,,,,
493,1,493,,,,,Note,9/13/2024 16:00,9/13/2024 16:00,0,IEP Document Analysis,Analysis of proposed IEP for parent consultation,,,,,
492,1,492,,,,,Email,9/13/2024 17:34,9/13/2024 17:34,0,"Fwd: Motion to Amend Hearing Request, Motion for Preliminary Injunction",Forward of filed motions to consulting counsel,,,,,
626,1,626,,,,,Doc,9/17/2024 0:00,9/17/2024 0:00,0,Springfield Public Schools' Opposition to Parent's Motion for Injunctive Relief,,,,,,
491,1,491,,,,,Email,9/17/2024 12:46,9/17/2024 12:46,0,FW: H.S. Revised IEP,District provides corrected IEP with printing error fixed,,,,,
490,1,490,,,,,Email,9/17/2024 16:21,9/17/2024 16:21,0,RE: Heaven Sampson v. Springfield Public Schools BSEA No. 2414829,Clarification regarding motion timeline and request for reply time,,,,,
489,1,489,,,,,Email,9/17/2024 17:09,9/17/2024 17:09,0,Heaven Sampson v. Springfield Public Schools BSEA No. 2414829,Notice of district's filing submission,,,,,
488,1,488,,,,,Email,9/17/2024 18:21,9/17/2024 18:21,0,Re: Heaven Sampson v. Springfield Public Schools BSEA No. 2414829,Hearing officer indicates waiting for response before ruling,,,,,
487,1,487,,,,,Email,9/18/2024 11:38,9/18/2024 11:38,0,Heaven Sampson release of information,Parent provides signed release of information forms,,,,,
486,1,486,,,,,Email,9/18/2024 16:28,9/18/2024 16:28,0,Heaven Sampson v. Springfield Public Schools BSEA No. 2414829,Filing of district's response to BSEA,,,,,
485,1,485,,,,,Email,9/18/2024 18:00,9/18/2024 18:00,0,"Comp Ed, Motion for Preliminary Injunction",Detailed analysis of compensatory education claims and preliminary injunction strategy,,,,,
484,1,484,,,,,Email,9/20/2024 12:32,9/20/2024 12:32,0,Question about working for CPCS,Discussion about CPCS job opening and case status update,,,,,
483,1,483,,,,,Email,9/22/2024 11:06,9/22/2024 11:06,0,Heaven S.,SPS administrator inquires about representation and expresses willingness to work toward resolution,,,,,
482,1,482,,,,,Email,9/22/2024 11:36,9/22/2024 11:36,0,Re: Heaven S.,Request for consent to engage in direct settlement discussions with SPS,,,,,
481,1,481,,,,,Note,9/22/2024 14:00,9/22/2024 14:00,0,[Internal strategy discussion],Case strategy development and analysis,,,,,
480,1,480,,,,,Email,9/23/2024 11:49,9/23/2024 11:49,0,H.S.,CHD clinician outlines limited information they will provide based on legal team direction,,,,,
479,1,479,,,,,Email,9/23/2024 13:32,9/23/2024 13:32,0,RE: H.S.,Detailed request to clinician explaining need for comprehensive clinical opinion,,,,,
478,1,478,,,,,Email,9/23/2024 13:35,9/23/2024 13:35,0,FW: H.S.,Forward of communication with treatment provider regarding documentation needs,,,,,
477,1,477,,,,,Email,9/23/2024 16:11,9/23/2024 16:11,0,RE: (confidential) Fwd: Heaven S.,Response regarding postponing team meeting pending district attorney permission for direct communication,,,,,
476,1,476,,,,,Email,9/24/2024 8:00,9/24/2024 8:00,0,Re: H.S.,CHD supervisor acknowledges receipt and indicates legal team consultation,,,,,
475,1,475,,,,,Email,9/24/2024 11:49,9/24/2024 11:49,0,RE: Heaven S.,Draft and send follow-up request for direct communication consent,,,,,
474,1,474,,,,,Email,9/24/2024 11:54,9/24/2024 11:54,0,FW: Heaven S.,Discussion of strategy regarding obtaining consent for direct communication with district,,,,,
473,1,473,,,,,Email,9/24/2024 12:28,9/24/2024 12:28,0,Re: H.S.,Request to connect with CHD's legal counsel,,,,,
472,1,472,,,,,Note,9/24/2024 13:00,9/24/2024 13:00,0,[Review of communication with CHD],Review and analyze CHD communications; research ethical obligations,,,,,
471,1,471,,,,,Email,9/24/2024 13:24,9/24/2024 13:24,0,Re: H.S.,CHD clinician responds regarding request for contact with legal team,,,,,
470,1,470,,,,,Email,9/24/2024 13:26,9/24/2024 13:26,0,Heaven Sampson,Parent shares photos/documents related to case,,,,,
469,1,469,,,,,Email,9/25/2024 11:25,9/25/2024 11:25,0,Heaven Sampson v. Springfield Public Schools BSEA No. 2414829,Notice of filing submission to BSEA,,,,,
468,1,468,,,,,Email,9/25/2024 12:23,9/25/2024 12:23,0,Re: Heaven S.,Draft and send follow-up request regarding direct communication consent,,,,,
467,1,467,,,,,Email,9/25/2024 12:26,9/25/2024 12:26,0,Re: Heaven S.,District counsel responds that she is still awaiting client response regarding direct communication request,,,,,
466,1,466,,,,,Email,9/25/2024 13:26,9/25/2024 13:26,0,RE: Heaven S.,Brief acknowledgment of district counsel's response,,,,,
465,1,465,,,,,Email,9/25/2024 13:27,9/25/2024 13:27,0,FW: Heaven S.,Forwards email chain discussing attempts to get consent for direct communication with district management,,,,,
464,1,464,,,,,Email,9/25/2024 13:33,9/25/2024 13:33,0,Re: Heaven Sampson v. Springfield Public Schools BSEA No. 2414829,Hearing officer responds affirmatively to discussion about December hearing dates,,,,,
463,1,463,,,,,Email,9/25/2024 13:34,9/25/2024 13:34,0,Fw,BSEA forwarded an attachment,,,,,
462,1,462,,,,,Email,9/25/2024 13:40,9/25/2024 13:40,0,Re: Heaven S.,Review opposing counsel's consent and acknowledge,,,,,
461,1,461,,,,,Email,9/25/2024 13:43,9/25/2024 13:43,0,Re: Heaven S.,McCarthy confirms she will include Szostkiewicz in communications,,,,,
460,1,460,,,,,Email,9/25/2024 13:58,9/25/2024 13:58,0,Re: Heaven S.,Review opposing counsel's consent to communicate directly with client,,,,,
459,1,459,,,,,Email,9/25/2024 14:25,9/25/2024 14:25,0,Re: Heaven S.,Confirmation of communication authorization,,,,,
458,1,458,,,,,Email,9/25/2024 14:40,9/25/2024 14:40,0,Re: Heaven S.,Acknowledgment of communication authorization,,,,,
457,1,457,,,,,Note,9/27/2024 0:41,9/27/2024 0:41,0,Patient advocacy issue / confidential,Draft detailed advocacy letter re: clinical documentation,,,,,
456,1,456,,,,,Email,9/30/2024 9:38,9/30/2024 9:38,0,Re: Resolution Meeting,District follows up on meeting scheduling and support requests,,,,,
455,1,455,,,,,Email,10/1/2024 15:03,10/1/2024 15:03,0,Heaven Sampson,Parent documents attempts to obtain accommodations and communication issues,,,,,
454,1,454,,,,,Email,10/1/2024 16:01,10/1/2024 16:01,0,Heaven Sampson,Parent reports continued failure to implement Chromebook accommodation,,,,,
453,1,453,,,,,Email,10/1/2024 17:36,10/1/2024 17:36,0,Re: Resolution Meeting,Schedule resolution meeting and document implementation issues,,,,,
452,1,452,,,,,Email,10/1/2024 19:07,10/1/2024 19:07,0,Re: Resolution Meeting,District confirms meeting and addresses Chromebook accommodation,,,,,
451,1,451,,,,,Email,10/2/2024 14:39,10/2/2024 14:39,0,Re: Resolution Meeting,District proposes specific supports and accommodations,,,,,
450,1,450,,,,,Email,10/4/2024 13:46,10/4/2024 13:46,0,FW: 124246 H.S. - REVISED Proposed 2024-2025 IEP,District provides corrected IEP documents with previously omitted sections,,,,,
449,1,449,,,,,Doc,10/7/2024 0:00,10/7/2024 0:00,0,STUDENT'S RESPONSE TO DISTRICT'S MOTION FOR PROTECTIVE ORDER,"Incudes important summar of rebutting district's allegations of delay and, importantly, detailing their own delays",,,,,
448,1,448,,,,,Email,10/7/2024 7:08,10/7/2024 7:08,0,Heaven S. v Springfield Public Schools (BSEA #2414829),Filing of BSEA documents,,,,,
447,1,447,,,,,Email,10/7/2024 16:04,10/7/2024 16:04,0,Re: Heaven S. v Springfield Public Schools,BSEA acknowledges timeline flexibility,,,,,
446,1,446,,,,,Email,10/7/2024 17:35,10/7/2024 17:35,0,RE: Heaven S. v Springfield Public Schools,Transmission of discovery requests to BSEA,,,,,
445,1,445,,,,,Email,10/7/2024 18:39,10/7/2024 18:39,0,Re: Heaven S. v Springfield Public Schools,BSEA acknowledgment of received documents,,,,,
443,1,443,,,,,Email,10/8/2024 19:55,10/8/2024 19:55,0,RE: IEP Proposal Review,Advocate provides analysis of revised IEP proposal,,,,,
442,1,442,,,,,Email,10/8/2024 22:48,10/8/2024 22:48,0,RE: Heaven S. v Springfield Public Schools,Agreement to pursue BSEA settlement conference,,,,,
3,1,133,,,,,Draft Documents,10/8/2024 9:30,10/8/2024 11:30,2,Draft and send detailed IEE requirements email,"Detailed email specifying comprehensive requirements for Heaven Sampson's IEE, including assessment areas, curriculum framework skills, and procedural requirements",5/1/2025 19:41,conclusive,conclusive,,
441,1,441,,,,,Email,10/8/2024 23:17,10/8/2024 23:17,0,RE: Resolution Meeting,Response acknowledging progress on accommodations while noting remaining concerns,,,,,
440,1,440,,,,,Email,10/9/2024 11:08,10/9/2024 11:08,0,Fw: 124246 H.S. - REVISED IEP,Forward of revised IEP documents to parent,,,,,
439,1,439,,,,,Email,10/9/2024 15:13,10/9/2024 15:13,0,RE: Heaven S/Springfield PS,BSEA provides scheduling details for settlement conference,,,,,
438,1,438,,,,,Email,10/10/2024 11:00,10/10/2024 11:00,0,RE: Draft IEP Proposal - For resolution session discussion - confidential,Confidential IEP proposal shared for resolution meeting discussion,,,,,
437,1,437,,,,,Email,10/10/2024 11:04,10/10/2024 11:04,0,Re: Resolution Meeting,Updated Zoom link for resolution meeting,,,,,
436,1,436,,,,,Email,10/10/2024 11:50,10/10/2024 11:50,0,SP,District forwards supporting documentation,,,,,
435,1,435,,,,,Email,10/10/2024 13:18,10/10/2024 13:18,0,Re: Resolution Meeting,Request for resolution meeting update,,,,,
434,1,434,,,,,Email,10/10/2024 15:18,10/10/2024 15:18,0,RE: Resolution Meeting,Follow-up advocacy for school reassignment after resolution meeting,,,,,
433,1,433,,,,,Email,10/10/2024 17:53,10/10/2024 17:53,0,RE: Heaven S/Springfield PS,BSEA confirms settlement conference scheduling and format options,,,,,
432,1,432,,,,,Email,10/10/2024 18:35,10/10/2024 18:35,0,FW: Heaven S. Resolution Meeting [CONFIDENTIAL / PRIVILEGED SETTLEMENT COMMUNICATION],Forward of resolution meeting summary and settlement proposal,,,,,
431,1,431,,,,,Email,10/11/2024 14:20,10/11/2024 14:20,0,Revised IEP and N1,District provides revised IEP documents following resolution meeting,,,,,
430,1,430,,,,,Email,10/14/2024 12:05,10/14/2024 12:05,0,Heaven S. & SPS reply to second amended hearing request,Request for district's reply to amended hearing request and discussion of discovery timeline,,,,,
429,1,429,,,,,Email,10/14/2024 12:07,10/14/2024 12:07,0,RE: IEE for Heaven Sampson,Follow-up on scheduling Independent Educational Evaluation with James Levine & Associates,,,,,
428,1,428,,,,,Email,10/14/2024 19:05,10/14/2024 19:05,0,Urgent Request for Professional Opinion - Heaven S,Advocate makes formal request for professional documentation of student's mental health needs and school impact,,,,,
427,1,427,,,,,Email,10/17/2024 10:05,10/17/2024 10:05,0,Response to hearing request,District provides previously filed response to amended hearing request,,,,,
426,1,426,,,,,Email,10/17/2024 10:11,10/17/2024 10:11,0,Re: Amended hearing request,District requests extension to respond to amended hearing request due to upcoming settlement conference,,,,,
425,1,425,,,,,Email,10/17/2024 10:48,10/17/2024 10:48,0,Re 09-25-24 BSEA Letter,Notice of non-assent to extension request,,,,,
424,1,424,,,,,Email,10/17/2024 10:56,10/17/2024 10:56,0,RE 09-25-24 BSEA Letter,District counsel advocating for extension request,,,,,
423,1,423,,,,,Email,10/17/2024 10:59,10/17/2024 10:59,0,RE 09-25-24 BSEA Letter,Response to opposing counsel regarding extension request impact,,,,,
422,1,422,,,,,Email,10/17/2024 11:04,10/17/2024 11:04,0,Re 09-25-24 BSEA Letter,Hearing officer inquiry about basis for extension opposition,,,,,
421,1,421,,,,,Email,10/17/2024 10:51,10/17/2024 10:51,0,RE 09-25-24 BSEA Letter,Comprehensive response explaining opposition to extension request,,,,,
420,1,420,,,,,Email,10/17/2024 12:14,10/17/2024 12:14,0,RE 09-25-24 BSEA Letter,Response regarding IEP review status and scheduling call,,,,,
419,1,419,,,,,Note,10/17/2024 12:37,10/17/2024 12:37,0,Note re: Settlement Conference Response,Documentation of response strategy regarding settlement timing,,,,,
418,1,418,,,,,Email,10/17/2024 12:59,10/17/2024 12:59,0,FW 09-25-24 BSEA Letter,Request for guidance from experienced counsel regarding procedural strategy,,,,,
417,1,417,,,,,Note,10/17/2024 16:07,10/17/2024 16:07,0,Note re: Phone Conference,Documentation of phone conference discussing settlement and IEP review,,,,,
416,1,416,,,,,Email,10/17/2024 16:34,10/17/2024 16:34,0,RE 09-25-24 BSEA Letter,Request to hearing officer to delay ruling pending settlement discussions,,,,,
415,1,415,,,,,Email,10/17/2024 20:33,10/17/2024 20:33,0,Re Unexpected response,Co-counsel response regarding client's unexpected settlement hesitation,,,,,
414,1,414,,,,,Email,10/18/2024 9:37,10/18/2024 9:37,0,Re Unexpected response,GAL expressing concern about parent's hesitation regarding settlement,,,,,
413,1,413,,,,,Email,10/18/2024 17:27,10/18/2024 17:27,0,Re Student v SPS - settlement,Response regarding employment opportunities,,,,,
412,1,412,,,,,Email,10/18/2024 18:29,10/18/2024 18:29,0,Fw 09-25-24 BSEA Letter,Forward of settlement confirmation and case background to co-counsel,,,,,
411,1,411,,,,,Email,10/21/2024 9:15,10/21/2024 9:15,0,heaven S,School attorney following up on settlement agreement discussion,,,,,
410,1,410,,,,,Email,10/21/2024 11:44,10/21/2024 11:44,0,Re: heaven S,Initial response acknowledging receipt of proposal and indicating detailed response forthcoming after weekend review,,,,,
409,1,409,,,,,Email,10/23/2024 1:57,10/23/2024 1:57,0,RE: heaven S,"Detailed email responding to proposed IEP with specific requested changes to goals, services, and accommodations. Requests Renaissance school visit for client.",,,,,
408,1,408,,,,,Email,10/23/2024 12:12,10/23/2024 12:12,0,Fw heaven S,Forward of IEP modification requests to GAL and co-counsel,,,,,
407,1,407,,,,,Email,10/23/2024 23:43,10/23/2024 23:43,0,RE Fw heaven S,Response to GAL's appreciation email,,,,,
406,1,406,,,,,Email,10/24/2024 10:21,10/24/2024 10:21,0,Re 09-25-24 BSEA - Settlement discussions status,Update to hearing officer on settlement status,,,,,
405,1,405,,,,,Email,10/24/2024 15:16,10/24/2024 15:16,0,Fw heaven S,"Review and forward IEP modifications, update client on status",,,,,
404,1,404,,,,,Note,10/28/2024 3:23,10/28/2024 3:23,0,Note re: Follow-up Email,Documentation of follow-up communication regarding pending items,,,,,
403,1,403,,,,,Email,10/30/2024 15:54,10/30/2024 15:54,0,RE Heaven S,Follow-up on IEP modifications and settlement discussions,,,,,
402,1,402,,,,,Email,11/1/2024 16:12,11/1/2024 16:12,0,RE Heaven S,District response rejecting additional social-emotional goals and maintaining current IEP proposal,,,,,
401,1,401,,,,,Email,11/5/2024 12:48,11/5/2024 12:48,0,RE Heaven S (correction),Detailed response addressing delays and setting firm deadline for action items,,,,,
76,1,401,,,,,Draft Documents,11/5/2024 12:20,11/5/2024 12:35,0.3,Update client regarding advocacy efforts and next steps,Forward of advocacy email to client with explanation,5/1/2025 19:41,conclusive,conclusive,,
75,1,400,,,,,Draft Documents,11/5/2024 12:35,11/5/2024 12:47,0.2,Draft comprehensive response regarding implementation delays with deadline,Detailed response addressing delays and setting firm deadline for action items,5/1/2025 19:41,conclusive,conclusive,,
74,1,399,,,,,Draft Documents,11/6/2024 14:00,11/6/2024 14:20,0.3,Draft and send detailed email advocating for immediate school visit arrangement and addressing enrollment barriers,"Urgent request for Renaissance school visit scheduling, emphasizing student's attendance issues and transition needs",5/1/2025 19:41,conclusive,conclusive,,
73,1,398,,,,,Review Documents,11/6/2024 14:54,11/6/2024 15:00,0.1,Review case status and send follow-up email regarding IEE timeline and settlement documentation,Follow-up request for IEE timeline and settlement agreement documentation,5/1/2025 19:41,conclusive,conclusive,,
72,1,397,,,,,Review Documents,11/8/2024 10:11,11/8/2024 10:15,0.1,Initial review of received settlement agreement,Initial transmission of settlement agreement from district,5/1/2025 19:41,conclusive,conclusive,,
71,1,396,,,,,Draft Documents,11/8/2024 10:15,11/8/2024 10:45,0.5,Preparation of settlement review checklist and initial analysis,Creation of comprehensive settlement agreement review checklist,5/1/2025 19:41,conclusive,conclusive,,
70,1,395,,,,,Draft Documents,11/8/2024 14:00,11/8/2024 14:30,0.5,Comprehensive review of draft settlement agreement,Documentation of initial settlement agreement review,5/1/2025 19:41,conclusive,conclusive,,
69,1,394,,,,,Draft Documents,11/8/2024 14:45,11/8/2024 14:55,0.2,Review and forward settlement agreement to client,Forwarding settlement agreement to client,5/1/2025 19:41,conclusive,conclusive,,
68,1,393,,,,,Draft Documents,11/8/2024 15:00,11/8/2024 15:30,0.5,Settlement strategy analysis and planning,Analysis of settlement strategy options and implications,5/1/2025 19:41,conclusive,conclusive,,
67,1,392,,,,,Draft Documents,11/8/2024 15:45,11/8/2024 16:00,0.3,Draft and send request for direct settlement discussion authorization,Response regarding transition process and document updates,5/1/2025 19:41,conclusive,conclusive,,
66,1,391,,,,,Client Consultation,11/8/2024 16:45,11/8/2024 17:00,0.3,Client consultation regarding placement decision,Documentation of client consultation and decision regarding placement,5/1/2025 19:41,conclusive,conclusive,,
65,1,390,,,,,Draft Documents,11/8/2024 17:00,11/8/2024 17:15,0.3,Client consultation (0.3) and draft detailed email regarding settlement terms (0.4),Update following client consultation regarding placement and requested document revisions,5/1/2025 19:41,conclusive,conclusive,,
64,1,389,,,,,Review Documents,11/8/2024 18:03,11/8/2024 18:10,0.1,Review response and settlement conference status,Confirmation of planned edits and query about canceling conference,5/1/2025 19:41,conclusive,conclusive,,
63,1,388,,,,,Draft Documents,11/8/2024 19:07,11/8/2024 19:10,0.1,Draft response regarding timeline specifications,Request for specific deadlines in agreement,5/1/2025 19:41,conclusive,conclusive,,
62,1,387,,,,,Review Documents,11/11/2024 9:52,11/11/2024 9:55,0.1,Review confirmation,Acknowledgment of settlement conference cancellation,5/1/2025 19:41,conclusive,conclusive,,
61,1,386,,,,,Review Documents,11/12/2024 9:00,11/12/2024 9:07,0.1,Review revised settlement agreement,Transmission of revised settlement agreement,5/1/2025 19:41,conclusive,conclusive,,
60,1,385,,,,,Review Documents,11/12/2024 9:08,11/12/2024 9:15,0.1,Initial review of safety plan,Transmission of safety plan,5/1/2025 19:41,conclusive,conclusive,,
59,1,384,,,,,Draft Documents,11/13/2024 13:30,11/13/2024 14:00,0.5,Review settlement documents and draft detailed analysis for client,Detailed analysis of settlement package with specific concerns about placement of support provisions,5/1/2025 19:41,conclusive,conclusive,,
58,1,383,,,,,Draft Documents,11/13/2024 14:00,11/13/2024 15:00,1,Comprehensive review and analysis of Safety Plan vs IEP provisions,Internal analysis of document provisions and strategic options,5/1/2025 19:41,conclusive,conclusive,,
57,1,382,,,,,Draft Documents,11/14/2024 12:26,11/14/2024 12:31,0.1,Draft and send clarifying email to client,Follow-up regarding document corrections and safety plan adequacy,5/1/2025 19:41,conclusive,conclusive,,
56,1,381,,,,,Draft Documents,11/18/2024 14:00,11/18/2024 14:30,0.5,Draft and send comprehensive list of required corrections,Detailed list of required corrections to settlement documents,5/1/2025 19:41,conclusive,conclusive,,
55,1,380,,,,,Review Documents,11/19/2024 11:20,11/19/2024 11:25,0.1,Review and respond to language question,Query about IEP acceptance language,5/1/2025 19:41,conclusive,conclusive,,
54,1,379,,,,,Draft Documents,11/19/2024 10:30,11/19/2024 11:18,0.8,Comprehensive review of revised IEP and preparation of detailed response regarding necessary corrections,Review of IEP and preparation of response regarding required corrections,5/2/2025 21:39,conclusive,conclusive,,
53,1,378,,,,,Review Documents,11/19/2024 12:04,11/19/2024 12:10,0.1,Review response from opposing counsel,Confirmation of review of requested edits,5/1/2025 19:41,conclusive,conclusive,,
52,1,377,,,,,Draft Documents,11/19/2024 13:38,11/19/2024 13:42,0.1,Forward settlement status update,Status update on settlement agreement,5/1/2025 19:41,conclusive,conclusive,,
51,1,376,,,,,Review Documents,11/19/2024 16:20,11/19/2024 16:30,0.2,Review revised IEP package from district,Transmittal of revised IEP documents for review and signature,5/1/2025 19:41,conclusive,conclusive,,
50,1,375,,,,,Draft Documents,11/21/2024 15:59,11/21/2024 16:05,0.1,Draft and send follow-up request,Follow-up request for revised documents,5/1/2025 19:41,conclusive,conclusive,,
49,1,374,,,,,Review Documents,11/25/2024 10:02,11/25/2024 10:10,0.1,Review district-signed agreement,Request for client signature on agreement,5/1/2025 19:41,conclusive,conclusive,,
48,1,373,,,,,Draft Documents,11/26/2024 3:00,11/26/2024 3:30,0.5,Prepare and send final documents to client for signature,Transmitting final documents for client review and signature,5/1/2025 19:41,conclusive,conclusive,,
47,1,372,,,,,Review Documents,11/26/2024 8:41,11/26/2024 8:50,0.2,Review client update regarding school incident,Update from parent about school incident and plan to sign forms,5/1/2025 19:41,conclusive,conclusive,,
46,1,371,,,,,Review Documents,11/26/2024 14:03,11/26/2024 14:10,0.1,Review approved motion and confirmation,Confirmation of approved funding motion,5/1/2025 19:41,conclusive,conclusive,,
45,1,370,,,,,Draft Documents,12/3/2024 5:15,12/3/2024 5:25,0.2,Prepare parent affidavit and transmit for review,Request for missing signature page,5/1/2025 19:41,conclusive,conclusive,,
44,1,369,,,,,Review Documents,12/4/2024 3:56,12/4/2024 4:10,0.2,"Review documents, make necessary corrections, draft explanation and transmit signed documents",Transmitting signed documents with explanations of corrections made,5/1/2025 19:41,conclusive,conclusive,,
43,1,368,,,,,Review Documents,12/5/2024 10:45,12/5/2024 10:50,0.1,Review opposing counsel response regarding edits and hearing,Response regarding agreement edits and hearing postponement,5/1/2025 19:41,conclusive,conclusive,,
42,1,367,,,,,Review Documents,12/5/2024 15:22,12/5/2024 15:30,0.1,Review district concerns about service implementation,Expression of concern about service delays,5/1/2025 19:41,conclusive,conclusive,,
41,1,366,,,,,Draft Documents,12/5/2024 16:30,12/5/2024 16:50,0.3,Draft comprehensive response regarding delays and timeline,Detailed response defending timeline and requesting specific actions,5/1/2025 19:41,conclusive,conclusive,,
40,1,365,,,,,Draft Documents,12/5/2024 17:15,12/5/2024 17:20,0.1,Draft and send procedural suggestion email,Suggesting direct phone communication for efficiency,5/1/2025 19:41,conclusive,conclusive,,
39,1,364,,,,,Review Documents,12/5/2024 17:35,12/5/2024 17:40,0.1,Review and respond to scheduling request,Scheduling request for call,5/1/2025 19:41,conclusive,conclusive,,
38,1,363,,,,,Review Documents,12/5/2024 19:43,12/5/2024 19:53,0.1,Review scheduling confirmation,Confirmation of call time,5/2/2025 21:39,conclusive,conclusive,,
2,1,46,,,,,Review Documents,12/9/2024 9:30,12/9/2024 9:40,0.2,Review scanned document notification,Administrative scan notification,5/1/2025 19:41,conclusive,conclusive,,
37,1,362,,,,,Review Documents,12/9/2024 12:31,12/9/2024 12:35,0.1,Review and respond regarding settlement agreement,Confirming agreement review and scheduling call,5/1/2025 19:41,conclusive,conclusive,,
36,1,361,,,,,Draft Documents,12/9/2024 14:00,12/9/2024 14:05,0.1,Draft and send request for client signature,Request for client to sign settlement document again,5/1/2025 19:41,conclusive,conclusive,,
35,1,360,,,,,Conference Call,12/9/2024 14:30,12/9/2024 15:20,0.5,Conference call with opposing counsel regarding settlement agreement,Call with Attorney St. Florian to discuss settlement agreement details,5/2/2025 21:39,conclusive,conclusive,,
34,1,358,,,,,Draft Documents,12/9/2024 15:20,12/9/2024 15:30,0.2,Review and prepare executed settlement agreement documentation,Transmitting executed settlement agreement and requesting logistics,5/1/2025 19:41,conclusive,conclusive,,
33,1,356,,,,,Review Documents,12/9/2024 15:59,12/9/2024 16:01,0.1,Review executed settlement agreement from district,District forwards executed settlement agreement,5/1/2025 19:41,conclusive,conclusive,,
32,1,355,,,,,Review Documents,12/9/2024 16:01,12/9/2024 16:05,0.1,Review signed agreement and send inquiry about logistics,Brief inquiry about transition logistics,5/1/2025 19:41,conclusive,conclusive,,
359,1,359,,,,,Doc,12/9/2024 15:47,12/9/2024 15:47,0,RE: Settlement Agreement.DOCX,,,,,,
31,1,354,,,,,Review Documents,12/10/2024 11:50,12/10/2024 12:00,0.2,Review district counsel request for hearing withdrawal,District counsel requests hearing withdrawal following settlement,5/1/2025 19:41,conclusive,conclusive,,
30,1,353,,,,,Draft Documents,12/10/2024 12:15,12/10/2024 12:30,0.3,Draft and send initial request for placement implementation timeline,Request for immediate start date following settlement agreement signing,5/1/2025 19:41,conclusive,conclusive,,
29,1,352,,,,,Draft Documents,12/10/2024 14:07,12/10/2024 14:10,0.1,Forward relevant communications to client,Forwarded communications regarding settlement and start date,5/1/2025 19:41,conclusive,conclusive,,
28,1,351,,,,,Draft Documents,12/11/2024 14:45,12/11/2024 15:00,0.3,Draft and send follow-up email regarding start date and hearing withdrawal,No response two days later to Monday r12/9/24 equest for logisitics of Heaven beginning Renassance; Follow-up email regarding start date and hearing withdrawal,5/1/2025 19:41,conclusive,conclusive,,
27,1,350,,,,,Review Documents,12/12/2024 11:26,12/12/2024 11:30,0.1,Review district confirmation of placement start date,District confirms student's start date at new placement,5/1/2025 19:41,conclusive,conclusive,,
26,1,349,,,,,Draft Documents,12/12/2024 13:45,12/12/2024 14:15,0.5,Draft and send detailed request for transition planning and supports,"Detailed reiterated request for transition plan and supports, emphasizing student's anxiety needs and requesting specific logistics",5/1/2025 19:41,conclusive,conclusive,,
25,1,348,,,,,Review Documents,12/12/2024 18:36,12/12/2024 18:40,0.1,Review email from opposing counsel regarding hearing withdrawal,Request to withdraw hearing request with prejudice,5/1/2025 19:41,conclusive,conclusive,,
24,1,347,,,,,Draft Documents,12/12/2024 19:45,12/12/2024 20:10,0.4,Draft and send email regarding hearing withdrawal and transition planning concerns,Response indicating withdrawal of hearing request while expressing concerns about transition planning delays and requesting transition information by 3:00 PM the next day,5/1/2025 19:41,conclusive,conclusive,,
23,1,346,,,,,Draft Documents,12/13/2024 6:00,12/13/2024 6:30,0.5,Draft and submit joint motion to withdraw BSEA hearing,Email submitting joint motion to withdraw BSEA hearing with prejudice,5/1/2025 19:41,conclusive,conclusive,,
22,1,345,,,,,Draft Documents,12/13/2024 15:45,12/13/2024 15:55,0.2,Draft and send request for additional contact details for school personnel,"District provides transition details including transportation schedule, school counselor contact, and ETL information",5/1/2025 19:41,conclusive,conclusive,,
21,1,344,,,,,Review Documents,12/13/2024 15:56,12/13/2024 16:00,0.1,Review and respond to scheduling email,Follow-up email requesting contact information for key school personnel to support student transition,5/1/2025 19:41,conclusive,conclusive,,
20,1,343,,,,,Review Documents,12/16/2024 9:00,12/16/2024 9:10,0.2,Review case status and prepare case strategy note,Documents student's absence on first day and plan for pursuing medical evaluation,5/1/2025 19:41,conclusive,conclusive,,
19,1,342,,,,,Draft Documents,12/16/2024 9:15,12/16/2024 9:35,0.3,"Draft and send email regarding student status, evaluation request, and IEP meeting request","Attorney Sirulnik notifies school of student's absence, explains his role, describes student's disabilities and health issues, requests multidisciplinary evaluation and IEP meeting",5/1/2025 19:41,conclusive,conclusive,,
18,1,341,,,,,Review Documents,12/16/2024 12:25,12/16/2024 12:30,0.1,Review opposing counsel objection to medical evaluation request,Opposing counsel questions medical evaluation request as beyond settlement agreement terms,5/1/2025 19:41,conclusive,conclusive,,
17,1,340,,,,,Review Documents,12/16/2024 13:36,12/16/2024 13:42,0.1,Review email from school regarding evaluation funding scope,"School staff responds regarding evaluation funding scope, referring to existing settlement agreement",5/1/2025 19:41,conclusive,conclusive,,
16,1,339,,,,,Draft Documents,12/16/2024 13:20,12/16/2024 13:36,0.3,Draft detailed response explaining legal basis for medical evaluation request,"Detailed explanation of medical evaluation request as separate from settlement agreement and IEE, citing legal basis and current circumstances",5/1/2025 19:41,conclusive,conclusive,,
15,1,338,,,,,Review Documents,12/16/2024 16:09,12/16/2024 16:14,0.1,Review district inquiry regarding representation status,District questions attorney's representation status after court inquiry,5/1/2025 19:41,conclusive,conclusive,,
14,1,337,,,,,Brief Documents,12/16/2024 16:14,12/16/2024 16:18,0.1,Brief internal communication regarding response strategy,Brief internal communication regarding response to representation inquiry,5/1/2025 19:41,conclusive,conclusive,,
13,1,336,,,,,Review Documents,12/16/2024 17:51,12/16/2024 17:55,0.1,Review district inquiry regarding representation documentation,"Corrects representation status and requests meeting date, evaluation timeline, and IEE scheduling information",5/1/2025 19:41,conclusive,conclusive,,
12,1,335,,,,,Draft Documents,12/17/2024 12:00,12/17/2024 12:25,0.4,Draft and send urgent transportation concerns email,,,,5/1/2025 19:41,conclusive,conclusive
11,1,334,,,,,Draft Documents,12/17/2024 12:25,12/17/2024 12:30,0.1,Forward transportation concerns to team members,Forwards urgent transportation concerns to team,5/1/2025 19:41,conclusive,conclusive,,
10,1,333,,,,,Review Documents,12/17/2024 12:42,12/17/2024 12:47,0.1,Review ETL request for ROI documentation,ETL requests copy of Release of Information,5/1/2025 19:41,conclusive,conclusive,,
1,1,18,,,,,Phone Call,12/17/2024 14:00,12/17/2024 14:30,0.5,Telephone conference with parent regarding transportation issues,Telephone conference with parent regarding transportation issues,5/1/2025 19:41,conclusive,conclusive,,
9,1,332,,,,,Draft Documents,12/17/2024 18:15,12/17/2024 18:45,0.5,Draft and send detailed letter regarding settlement implementation failures and notice of potential motion,Details District's failures to implement settlement agreement and threatens withdrawal of assent to dismissal,5/1/2025 19:41,conclusive,conclusive,,
8,1,331,,,,,Review Documents,12/17/2024 19:00,12/17/2024 19:10,0.1,Review district transportation plan and reimbursement offer,District provides bus schedule starting December 18 and offers reimbursement for interim transportation,5/1/2025 19:41,conclusive,conclusive,,
7,1,330,,,,,Draft Documents,12/17/2024 19:10,12/17/2024 19:20,0.2,Draft and send email regarding afternoon transportation arrangements,Requests confirmation that school staff can arrange afternoon Uber rides due to rideshare company requirements,5/1/2025 19:41,conclusive,conclusive,,
6,1,328,,,,,Draft Documents,12/17/2024 19:45,12/17/2024 20:05,0.3,Draft and send detailed explanation of transportation barriers and request for immediate District solution,"Details parent's inability to use Uber due to policy restrictions, work reprimand for lateness, and financial constraints; requests immediate District-provided transportation solution",5/1/2025 19:41,conclusive,conclusive,,
5,1,327,,,,,Draft Documents,12/17/2024 20:40,12/17/2024 20:50,0.2,Draft and send urgent follow-up regarding transportation arrangements,Urgent follow-up regarding interim transportation arrangements,5/1/2025 19:41,conclusive,conclusive,,
662,1,662,,,,,Email,12/18/2024 9:33,12/18/2024 9:33,0,Re: Transition Plan for Heaven - urgent,,,,,,
661,1,661,,,,,Email,12/18/2024 12:27,12/18/2024 12:27,0,Re: Heaven S.,,,,,,
660,1,660,,,,,Email,12/18/2024 15:49,12/18/2024 15:49,0,FW: ROI for Heaven S.,,,,,,
659,1,659,,,,,Email,12/20/2024 7:35,12/20/2024 7:35,0,Re: Heaven S.,,,,,,
658,1,658,,,,,Email,12/20/2024 7:35,12/20/2024 7:35,0,Re: Heaven S.,,,,,,
657,1,657,,,,,Email,1/3/2025 23:12,1/3/2025 23:12,0,Welcome to EDPlan Parent Portal,,,,,,
656,1,656,,,,,Email,1/3/2025 23:13,1/3/2025 23:13,0,A new document had been added to your child's file.,,,,,,
655,1,655,,,,,Email,1/6/2025 3:44,1/6/2025 3:44,0,DRAFT demand letter for your review,,,,,,
654,1,654,,,,,Email,1/6/2025 13:28,1/6/2025 13:28,0,Heaven S. v. Springfield Public Schools - Notice of Material Breach; Demands for Compensatory Education and Attorneys' Fees,,,,,,
653,1,653,,,,,Email,1/7/2025 6:08,1/7/2025 6:08,0,Re: Heaven Sampson I received this today from the new school,,,,,,
652,1,652,,,,,Email,1/7/2025 7:17,1/7/2025 7:17,0,Re: Heaven S.,,,,,,
651,1,651,,,,,Email,1/7/2025 15:38,1/7/2025 15:38,0,Heaven S. Settlement Agreement 12-09-24.PDF,,,,,,
650,1,650,,,,,Email,1/7/2025 22:02,1/7/2025 22:02,0,Welcome to EdPlan Connect Parent Portal,,,,,,
649,1,649,,,,,Email,1/8/2025 7:29,1/8/2025 7:29,0,Re: Heaven S.,,,,,,
648,1,648,,,,,Email,1/8/2025 19:28,1/8/2025 19:28,0,Fw: Heaven S. Settlement Agreement 12-09-24.PDF,,,,,,
647,1,647,,,,,Email,1/8/2025 20:05,1/8/2025 20:05,0,Re: Fw: Heaven S. Settlement Agreement 12-09-24.PDF,,,,,,
646,1,646,,,,,Email,1/8/2025 20:43,1/8/2025 20:43,0,RE: Fw: Heaven S. Settlement Agreement 12-09-24.PDF,,,,,,
645,1,645,,,,,Email,1/9/2025 1:00,1/9/2025 1:00,0,Heaven S. - Advice on Comp Ed Strategy for Post-Settlement Non-Compliance,,,,,,
644,1,644,,,,,Email,1/9/2025 9:40,1/9/2025 9:40,0,Re: Heaven S. - Advice on Comp Ed Strategy for Post-Settlement Non-Compliance,,,,,,
643,1,643,,,,,Email,1/9/2025 15:56,1/9/2025 15:56,0,Re: Heaven S. - Advice on Comp Ed Strategy for Post-Settlement Non-Compliance,,,,,,
642,1,642,,,,,Email,1/10/2025 7:46,1/10/2025 7:46,0,Re: Heaven S. - Advice on Comp Ed Strategy for Post-Settlement Non-Compliance,,,,,,
641,1,641,,,,,Email,1/10/2025 10:00,1/10/2025 10:00,0,Re: Heaven S. - Advice on Comp Ed Strategy for Post-Settlement Non-Compliance,,,,,,
640,1,640,,,,,Email,1/10/2025 10:38,1/10/2025 10:38,0,Re: Heaven S. - Advice on Comp Ed Strategy for Post-Settlement Non-Compliance,,,,,,
639,1,639,,,,,Email,1/10/2025 11:26,1/10/2025 11:26,0,Re: Heaven S. - Advice on Comp Ed Strategy for Post-Settlement Non-Compliance,,,,,,
638,1,638,,,,,Email,1/13/2025 10:06,1/13/2025 10:06,0,RE: Heaven S. Settlement Agreement 12-09-24.PDF,,,,,,
637,1,637,,,,,Email,1/13/2025 10:57,1/13/2025 10:57,0,RE: Heaven S. Settlement Agreement 12-09-24.PDF,,,,,,
636,1,636,,,,,Email,1/31/2025 11:55,1/31/2025 11:55,0,Re: [MASERS] Comp ed for extended period of no educational placement,,,,,,
635,1,635,,,,,Email,1/31/2025 12:27,1/31/2025 12:27,0,Re: [MASERS] Comp ed for extended period of no educational placement,,,,,,
634,1,634,,,,,Email,1/31/2025 13:55,1/31/2025 13:55,0,Re: [MASERS] Comp ed for extended period of no educational placement,,,,,,
633,1,633,,,,,Email,2/10/2025 13:13,2/10/2025 13:13,0,Database Price Restructuring for New Subs Coming Feb. 12,,,,,,
632,1,632,,,,,Email,2/11/2025 0:53,2/11/2025 0:53,0,A new document had been added to your child's file.,,,,,,
631,1,631,,,,,Email,2/12/2025 13:25,2/12/2025 13:25,0,NACAC College Fair Field Trip -- approximately 10 spots available - register by Friday,,,,,,
630,1,630,,,,,Email,2/19/2025 12:07,2/19/2025 12:07,0,RE: section116 / Vbill ID V1559931 [Section 116 Appeal],,,,,,
629,1,629,,,,,Email,3/15/2025 14:19,3/15/2025 14:19,0,"Heaven's status, preparing to close case.",,,,,,
628,1,628,,,,,Email,4/11/2025 12:24,4/11/2025 12:24,0,"RE: Heaven's status, preparing to close case.",,,,,,
